Titre modèle d'audit,Description modèle d'audit,Titre thèmes,Description thèmes,Exigences
Le titre de votre modèle d'audit,La description de votre modèle d'audit,,,
,,Le titre du premier thème,La description du premier thème,
,,,,La première exigence du thème 1
,,,,La deuxième exigence du thème 1
,,,,La troisième exigence du thème 1
,,Le titre du deuxième thème,La description du deuxième thème,
,,,,La première exigence du thème 2
,,,,La deuxième exigence du thème 2
,,Le titre du troisième thème,La description du troisième thème,
,,,,La première exigence du thème 3
,,,,La deuxième exigence du thème 3
,,,,La troisième exigence du thème 3
